MODEL,MAE,MSE,R2
LinearRegression,4312.487974256406,36776416.91241011,0.7446536173711101
KNeighborsRegressor,4470.151122284781,53029344.307691015,0.63180613069509
DecisionTreeRegressor,3531.4267630522877,44808076.873577654,0.6888881162763756
RandomForestRegressor,2995.9460367064426,26542076.806827243,0.8157127890891821          
